id;name
0;argonne-2012-1/2012/1/3/1171446687421322104.parsed.json
1;argonne-2012-1/2012/1/3/12904608219343531331.parsed.json
2;argonne-2012-1/2012/1/3/13008490376753310462.parsed.json
3;argonne-2012-1/2012/1/3/1438577549298145397.parsed.json
4;argonne-2012-1/2012/1/3/14820928848222412173.parsed.json
5;argonne-2012-1/2012/1/3/15916432724175057938.parsed.json
6;argonne-2012-1/2012/1/3/15996770181791002276.parsed.json
7;argonne-2012-1/2012/1/3/17507710310223972247.parsed.json
8;argonne-2012-1/2012/1/3/2590735410786465827.parsed.json
...
85407;argonne-2012-12/2012/12/31/3774393023405396100.parsed.json
85408;argonne-2012-12/2012/12/31/4375846749453998352.parsed.json
85409;argonne-2012-12/2012/12/31/4386055387559892100.parsed.json
85410;argonne-2012-12/2012/12/31/442094730332095248.parsed.json
85411;argonne-2012-12/2012/12/31/4505523996539694987.parsed.json
85412;argonne-2012-12/2012/12/31/5629356077049017539.parsed.json
85413;argonne-2012-12/2012/12/31/5676713585495845961.parsed.json
85414;argonne-2012-12/2012/12/31/580056829340074888.parsed.json
85415;argonne-2012-12/2012/12/31/6100477341678723783.parsed.json
85416;argonne-2012-12/2012/12/31/8773397327517368825.parsed.json
85417;argonne-2012-12/2012/12/31/8807434876214079772.parsed.json
85418;argonne-2012-12/2012/12/31/9243173269554005812.parsed.json
85419;argonne-2012-12/2012/12/31/9246070051581876014.parsed.json
85420;argonne-2012-12/2012/12/31/9675885303994695093.parsed.json
85421;argonne-2012-12/2012/12/31/9833629125198526511.parsed.json
